date,target_demand,sku,category,location,channel
2026-03-01,160,ELE_TV_85_OLED,Electronics,WH_EAST_01,B2B_DISTRIBUTOR
2026-03-02,129,ELE_TV_85_OLED,Electronics,WH_EAST_01,B2B_DISTRIBUTOR
2026-03-03,179,ELE_TV_85_OLED,Electronics,WH_EAST_01,B2B_DISTRIBUTOR
2026-03-04,115,ELE_TV_85_OLED,Electronics,WH_EAST_01,B2B_DISTRIBUTOR
2026-03-05,114,ELE_TV_85_OLED,Electronics,WH_EAST_01,B2B_DISTRIBUTOR
2026-03-06,153,ELE_TV_85_OLED,Electronics,WH_EAST_01,B2B_DISTRIBUTOR
2026-03-07,173,ELE_TV_85_OLED,Electronics,WH_EAST_01,B2B_DISTRIBUTOR
2026-03-08,124,ELE_TV_85_OLED,Electronics,WH_EAST_01,B2B_DISTRIBUTOR
2026-03-09,119,ELE_TV_85_OLED,Electronics,WH_EAST_01,B2B_DISTRIBUTOR
2026-03-10,167,ELE_TV_85_OLED,Electronics,WH_EAST_01,B2B_DISTRIBUTOR
2026-03-11,381,ELE_TV_85_OLED,Electronics,WH_EAST_01,B2B_DISTRIBUTOR
2026-03-12,159,ELE_TV_85_OLED,Electronics,WH_EAST_01,B2B_DISTRIBUTOR
2026-03-13,165,ELE_TV_85_OLED,Electronics,WH_EAST_01,B2B_DISTRIBUTOR
2026-03-14,134,ELE_TV_85_OLED,Electronics,WH_EAST_01,B2B_DISTRIBUTOR
2026-03-15,120,ELE_TV_85_OLED,Electronics,WH_EAST_01,B2B_DISTRIBUTOR
2026-03-16,140,ELE_TV_85_OLED,Electronics,WH_EAST_01,B2B_DISTRIBUTOR
2026-03-17,133,ELE_TV_85_OLED,Electronics,WH_EAST_01,B2B_DISTRIBUTOR
2026-03-18,167,ELE_TV_85_OLED,Electronics,WH_EAST_01,B2B_DISTRIBUTOR
2026-03-19,187,ELE_TV_85_OLED,Electronics,WH_EAST_01,B2B_DISTRIBUTOR
2026-03-20,164,ELE_TV_85_OLED,Electronics,WH_EAST_01,B2B_DISTRIBUTOR
2026-03-21,128,ELE_TV_85_OLED,Electronics,WH_EAST_01,B2B_DISTRIBUTOR
2026-03-22,142,ELE_TV_85_OLED,Electronics,WH_EAST_01,B2B_DISTRIBUTOR
2026-03-23,132,ELE_TV_85_OLED,Electronics,WH_EAST_01,B2B_DISTRIBUTOR
2026-03-24,132,ELE_TV_85_OLED,Electronics,WH_EAST_01,B2B_DISTRIBUTOR
2026-03-25,142,ELE_TV_85_OLED,Electronics,WH_EAST_01,B2B_DISTRIBUTOR
2026-03-26,116,ELE_TV_85_OLED,Electronics,WH_EAST_01,B2B_DISTRIBUTOR
2026-03-27,172,ELE_TV_85_OLED,Electronics,WH_EAST_01,B2B_DISTRIBUTOR
2026-03-28,141,ELE_TV_85_OLED,Electronics,WH_EAST_01,B2B_DISTRIBUTOR
2026-03-29,133,ELE_TV_85_OLED,Electronics,WH_EAST_01,B2B_DISTRIBUTOR
2026-03-30,145,ELE_TV_85_OLED,Electronics,WH_EAST_01,B2B_DISTRIBUTOR
2026-03-31,178,ELE_TV_85_OLED,Electronics,WH_EAST_01,B2B_DISTRIBUTOR
2026-04-01,126,ELE_TV_85_OLED,Electronics,WH_EAST_01,B2B_DISTRIBUTOR
2026-04-02,158,ELE_TV_85_OLED,Electronics,WH_EAST_01,B2B_DISTRIBUTOR
2026-04-03,152,ELE_TV_85_OLED,Electronics,WH_EAST_01,B2B_DISTRIBUTOR
2026-04-04,178,ELE_TV_85_OLED,Electronics,WH_EAST_01,B2B_DISTRIBUTOR
2026-04-05,410,ELE_TV_85_OLED,Electronics,WH_EAST_01,B2B_DISTRIBUTOR
2026-04-06,148,ELE_TV_85_OLED,Electronics,WH_EAST_01,B2B_DISTRIBUTOR
2026-04-07,178,ELE_TV_85_OLED,Electronics,WH_EAST_01,B2B_DISTRIBUTOR
2026-04-08,153,ELE_TV_85_OLED,Electronics,WH_EAST_01,B2B_DISTRIBUTOR
2026-04-09,136,ELE_TV_85_OLED,Electronics,WH_EAST_01,B2B_DISTRIBUTOR
2026-04-10,122,ELE_TV_85_OLED,Electronics,WH_EAST_01,B2B_DISTRIBUTOR
2026-04-11,157,ELE_TV_85_OLED,Electronics,WH_EAST_01,B2B_DISTRIBUTOR
2026-04-12,118,ELE_TV_85_OLED,Electronics,WH_EAST_01,B2B_DISTRIBUTOR
2026-04-13,180,ELE_TV_85_OLED,Electronics,WH_EAST_01,B2B_DISTRIBUTOR
2026-04-14,129,ELE_TV_85_OLED,Electronics,WH_EAST_01,B2B_DISTRIBUTOR
2026-04-15,171,ELE_TV_85_OLED,Electronics,WH_EAST_01,B2B_DISTRIBUTOR
2026-04-16,120,ELE_TV_85_OLED,Electronics,WH_EAST_01,B2B_DISTRIBUTOR
2026-04-17,148,ELE_TV_85_OLED,Electronics,WH_EAST_01,B2B_DISTRIBUTOR
2026-04-18,186,ELE_TV_85_OLED,Electronics,WH_EAST_01,B2B_DISTRIBUTOR
2026-04-19,138,ELE_TV_85_OLED,Electronics,WH_EAST_01,B2B_DISTRIBUTOR
2026-04-20,127,ELE_TV_85_OLED,Electronics,WH_EAST_01,B2B_DISTRIBUTOR
2026-04-21,133,ELE_TV_85_OLED,Electronics,WH_EAST_01,B2B_DISTRIBUTOR
2026-04-22,154,ELE_TV_85_OLED,Electronics,WH_EAST_01,B2B_DISTRIBUTOR
2026-04-23,129,ELE_TV_85_OLED,Electronics,WH_EAST_01,B2B_DISTRIBUTOR
2026-04-24,141,ELE_TV_85_OLED,Electronics,WH_EAST_01,B2B_DISTRIBUTOR
2026-04-25,144,ELE_TV_85_OLED,Electronics,WH_EAST_01,B2B_DISTRIBUTOR
2026-04-26,124,ELE_TV_85_OLED,Electronics,WH_EAST_01,B2B_DISTRIBUTOR
2026-04-27,169,ELE_TV_85_OLED,Electronics,WH_EAST_01,B2B_DISTRIBUTOR
2026-04-28,150,ELE_TV_85_OLED,Electronics,WH_EAST_01,B2B_DISTRIBUTOR
2026-04-29,185,ELE_TV_85_OLED,Electronics,WH_EAST_01,B2B_DISTRIBUTOR
2026-04-30,397,ELE_TV_85_OLED,Electronics,WH_EAST_01,B2B_DISTRIBUTOR
2026-05-01,121,ELE_TV_85_OLED,Electronics,WH_EAST_01,B2B_DISTRIBUTOR
2026-05-02,157,ELE_TV_85_OLED,Electronics,WH_EAST_01,B2B_DISTRIBUTOR
2026-05-03,156,ELE_TV_85_OLED,Electronics,WH_EAST_01,B2B_DISTRIBUTOR
2026-05-04,128,ELE_TV_85_OLED,Electronics,WH_EAST_01,B2B_DISTRIBUTOR
2026-05-05,142,ELE_TV_85_OLED,Electronics,WH_EAST_01,B2B_DISTRIBUTOR
2026-05-06,136,ELE_TV_85_OLED,Electronics,WH_EAST_01,B2B_DISTRIBUTOR
2026-05-07,147,ELE_TV_85_OLED,Electronics,WH_EAST_01,B2B_DISTRIBUTOR
2026-05-08,132,ELE_TV_85_OLED,Electronics,WH_EAST_01,B2B_DISTRIBUTOR
2026-05-09,124,ELE_TV_85_OLED,Electronics,WH_EAST_01,B2B_DISTRIBUTOR
2026-05-10,158,ELE_TV_85_OLED,Electronics,WH_EAST_01,B2B_DISTRIBUTOR
2026-05-11,183,ELE_TV_85_OLED,Electronics,WH_EAST_01,B2B_DISTRIBUTOR
2026-05-12,133,ELE_TV_85_OLED,Electronics,WH_EAST_01,B2B_DISTRIBUTOR
2026-05-13,128,ELE_TV_85_OLED,Electronics,WH_EAST_01,B2B_DISTRIBUTOR
2026-05-14,149,ELE_TV_85_OLED,Electronics,WH_EAST_01,B2B_DISTRIBUTOR
2026-05-15,133,ELE_TV_85_OLED,Electronics,WH_EAST_01,B2B_DISTRIBUTOR
2026-05-16,168,ELE_TV_85_OLED,Electronics,WH_EAST_01,B2B_DISTRIBUTOR
2026-05-17,113,ELE_TV_85_OLED,Electronics,WH_EAST_01,B2B_DISTRIBUTOR
2026-05-18,175,ELE_TV_85_OLED,Electronics,WH_EAST_01,B2B_DISTRIBUTOR
2026-05-19,122,ELE_TV_85_OLED,Electronics,WH_EAST_01,B2B_DISTRIBUTOR
2026-05-20,131,ELE_TV_85_OLED,Electronics,WH_EAST_01,B2B_DISTRIBUTOR
2026-05-21,159,ELE_TV_85_OLED,Electronics,WH_EAST_01,B2B_DISTRIBUTOR
2026-05-22,172,ELE_TV_85_OLED,Electronics,WH_EAST_01,B2B_DISTRIBUTOR
2026-05-23,174,ELE_TV_85_OLED,Electronics,WH_EAST_01,B2B_DISTRIBUTOR
2026-05-24,172,ELE_TV_85_OLED,Electronics,WH_EAST_01,B2B_DISTRIBUTOR
2026-05-25,417,ELE_TV_85_OLED,Electronics,WH_EAST_01,B2B_DISTRIBUTOR
2026-05-26,161,ELE_TV_85_OLED,Electronics,WH_EAST_01,B2B_DISTRIBUTOR
2026-05-27,121,ELE_TV_85_OLED,Electronics,WH_EAST_01,B2B_DISTRIBUTOR
2026-05-28,121,ELE_TV_85_OLED,Electronics,WH_EAST_01,B2B_DISTRIBUTOR
2026-05-29,136,ELE_TV_85_OLED,Electronics,WH_EAST_01,B2B_DISTRIBUTOR
2026-03-01,754,ELE_SP_PRO_15,Electronics,WH_EAST_01,B2B_DISTRIBUTOR
2026-03-02,884,ELE_SP_PRO_15,Electronics,WH_EAST_01,B2B_DISTRIBUTOR
2026-03-03,897,ELE_SP_PRO_15,Electronics,WH_EAST_01,B2B_DISTRIBUTOR
2026-03-04,628,ELE_SP_PRO_15,Electronics,WH_EAST_01,B2B_DISTRIBUTOR
2026-03-05,726,ELE_SP_PRO_15,Electronics,WH_EAST_01,B2B_DISTRIBUTOR
2026-03-06,720,ELE_SP_PRO_15,Electronics,WH_EAST_01,B2B_DISTRIBUTOR
2026-03-07,761,ELE_SP_PRO_15,Electronics,WH_EAST_01,B2B_DISTRIBUTOR
2026-03-08,768,ELE_SP_PRO_15,Electronics,WH_EAST_01,B2B_DISTRIBUTOR
2026-03-09,720,ELE_SP_PRO_15,Electronics,WH_EAST_01,B2B_DISTRIBUTOR
2026-03-10,832,ELE_SP_PRO_15,Electronics,WH_EAST_01,B2B_DISTRIBUTOR
2026-03-11,2057,ELE_SP_PRO_15,Electronics,WH_EAST_01,B2B_DISTRIBUTOR
2026-03-12,960,ELE_SP_PRO_15,Electronics,WH_EAST_01,B2B_DISTRIBUTOR
2026-03-13,634,ELE_SP_PRO_15,Electronics,WH_EAST_01,B2B_DISTRIBUTOR
2026-03-14,734,ELE_SP_PRO_15,Electronics,WH_EAST_01,B2B_DISTRIBUTOR
2026-03-15,869,ELE_SP_PRO_15,Electronics,WH_EAST_01,B2B_DISTRIBUTOR
2026-03-16,610,ELE_SP_PRO_15,Electronics,WH_EAST_01,B2B_DISTRIBUTOR
2026-03-17,940,ELE_SP_PRO_15,Electronics,WH_EAST_01,B2B_DISTRIBUTOR
2026-03-18,852,ELE_SP_PRO_15,Electronics,WH_EAST_01,B2B_DISTRIBUTOR
2026-03-19,798,ELE_SP_PRO_15,Electronics,WH_EAST_01,B2B_DISTRIBUTOR
2026-03-20,602,ELE_SP_PRO_15,Electronics,WH_EAST_01,B2B_DISTRIBUTOR
2026-03-21,643,ELE_SP_PRO_15,Electronics,WH_EAST_01,B2B_DISTRIBUTOR
2026-03-22,983,ELE_SP_PRO_15,Electronics,WH_EAST_01,B2B_DISTRIBUTOR
2026-03-23,700,ELE_SP_PRO_15,Electronics,WH_EAST_01,B2B_DISTRIBUTOR
2026-03-24,921,ELE_SP_PRO_15,Electronics,WH_EAST_01,B2B_DISTRIBUTOR
2026-03-25,957,ELE_SP_PRO_15,Electronics,WH_EAST_01,B2B_DISTRIBUTOR
2026-03-26,802,ELE_SP_PRO_15,Electronics,WH_EAST_01,B2B_DISTRIBUTOR
2026-03-27,959,ELE_SP_PRO_15,Electronics,WH_EAST_01,B2B_DISTRIBUTOR
2026-03-28,704,ELE_SP_PRO_15,Electronics,WH_EAST_01,B2B_DISTRIBUTOR
2026-03-29,906,ELE_SP_PRO_15,Electronics,WH_EAST_01,B2B_DISTRIBUTOR
2026-03-30,710,ELE_SP_PRO_15,Electronics,WH_EAST_01,B2B_DISTRIBUTOR
2026-03-31,709,ELE_SP_PRO_15,Electronics,WH_EAST_01,B2B_DISTRIBUTOR
2026-04-01,655,ELE_SP_PRO_15,Electronics,WH_EAST_01,B2B_DISTRIBUTOR
2026-04-02,883,ELE_SP_PRO_15,Electronics,WH_EAST_01,B2B_DISTRIBUTOR
2026-04-03,817,ELE_SP_PRO_15,Electronics,WH_EAST_01,B2B_DISTRIBUTOR
2026-04-04,768,ELE_SP_PRO_15,Electronics,WH_EAST_01,B2B_DISTRIBUTOR
2026-04-05,2158,ELE_SP_PRO_15,Electronics,WH_EAST_01,B2B_DISTRIBUTOR
2026-04-06,941,ELE_SP_PRO_15,Electronics,WH_EAST_01,B2B_DISTRIBUTOR
2026-04-07,899,ELE_SP_PRO_15,Electronics,WH_EAST_01,B2B_DISTRIBUTOR
2026-04-08,688,ELE_SP_PRO_15,Electronics,WH_EAST_01,B2B_DISTRIBUTOR
2026-04-09,612,ELE_SP_PRO_15,Electronics,WH_EAST_01,B2B_DISTRIBUTOR
2026-04-10,762,ELE_SP_PRO_15,Electronics,WH_EAST_01,B2B_DISTRIBUTOR
2026-04-11,651,ELE_SP_PRO_15,Electronics,WH_EAST_01,B2B_DISTRIBUTOR
2026-04-12,758,ELE_SP_PRO_15,Electronics,WH_EAST_01,B2B_DISTRIBUTOR
2026-04-13,857,ELE_SP_PRO_15,Electronics,WH_EAST_01,B2B_DISTRIBUTOR
2026-04-14,620,ELE_SP_PRO_15,Electronics,WH_EAST_01,B2B_DISTRIBUTOR
2026-04-15,731,ELE_SP_PRO_15,Electronics,WH_EAST_01,B2B_DISTRIBUTOR
2026-04-16,901,ELE_SP_PRO_15,Electronics,WH_EAST_01,B2B_DISTRIBUTOR
2026-04-17,633,ELE_SP_PRO_15,Electronics,WH_EAST_01,B2B_DISTRIBUTOR
2026-04-18,861,ELE_SP_PRO_15,Electronics,WH_EAST_01,B2B_DISTRIBUTOR
2026-04-19,868,ELE_SP_PRO_15,Electronics,WH_EAST_01,B2B_DISTRIBUTOR
2026-04-20,880,ELE_SP_PRO_15,Electronics,WH_EAST_01,B2B_DISTRIBUTOR
2026-04-21,843,ELE_SP_PRO_15,Electronics,WH_EAST_01,B2B_DISTRIBUTOR
2026-04-22,928,ELE_SP_PRO_15,Electronics,WH_EAST_01,B2B_DISTRIBUTOR
2026-04-23,871,ELE_SP_PRO_15,Electronics,WH_EAST_01,B2B_DISTRIBUTOR
2026-04-24,886,ELE_SP_PRO_15,Electronics,WH_EAST_01,B2B_DISTRIBUTOR
2026-04-25,909,ELE_SP_PRO_15,Electronics,WH_EAST_01,B2B_DISTRIBUTOR
2026-04-26,648,ELE_SP_PRO_15,Electronics,WH_EAST_01,B2B_DISTRIBUTOR
2026-04-27,748,ELE_SP_PRO_15,Electronics,WH_EAST_01,B2B_DISTRIBUTOR
2026-04-28,940,ELE_SP_PRO_15,Electronics,WH_EAST_01,B2B_DISTRIBUTOR
2026-04-29,984,ELE_SP_PRO_15,Electronics,WH_EAST_01,B2B_DISTRIBUTOR
2026-04-30,2163,ELE_SP_PRO_15,Electronics,WH_EAST_01,B2B_DISTRIBUTOR
2026-05-01,986,ELE_SP_PRO_15,Electronics,WH_EAST_01,B2B_DISTRIBUTOR
2026-05-02,815,ELE_SP_PRO_15,Electronics,WH_EAST_01,B2B_DISTRIBUTOR
2026-05-03,892,ELE_SP_PRO_15,Electronics,WH_EAST_01,B2B_DISTRIBUTOR
2026-05-04,932,ELE_SP_PRO_15,Electronics,WH_EAST_01,B2B_DISTRIBUTOR
2026-05-05,844,ELE_SP_PRO_15,Electronics,WH_EAST_01,B2B_DISTRIBUTOR
2026-05-06,940,ELE_SP_PRO_15,Electronics,WH_EAST_01,B2B_DISTRIBUTOR
2026-05-07,919,ELE_SP_PRO_15,Electronics,WH_EAST_01,B2B_DISTRIBUTOR
2026-05-08,880,ELE_SP_PRO_15,Electronics,WH_EAST_01,B2B_DISTRIBUTOR
2026-05-09,903,ELE_SP_PRO_15,Electronics,WH_EAST_01,B2B_DISTRIBUTOR
2026-05-10,796,ELE_SP_PRO_15,Electronics,WH_EAST_01,B2B_DISTRIBUTOR
2026-05-11,689,ELE_SP_PRO_15,Electronics,WH_EAST_01,B2B_DISTRIBUTOR
2026-05-12,833,ELE_SP_PRO_15,Electronics,WH_EAST_01,B2B_DISTRIBUTOR
2026-05-13,770,ELE_SP_PRO_15,Electronics,WH_EAST_01,B2B_DISTRIBUTOR
2026-05-14,881,ELE_SP_PRO_15,Electronics,WH_EAST_01,B2B_DISTRIBUTOR
2026-05-15,648,ELE_SP_PRO_15,Electronics,WH_EAST_01,B2B_DISTRIBUTOR
2026-05-16,814,ELE_SP_PRO_15,Electronics,WH_EAST_01,B2B_DISTRIBUTOR
2026-05-17,687,ELE_SP_PRO_15,Electronics,WH_EAST_01,B2B_DISTRIBUTOR
2026-05-18,991,ELE_SP_PRO_15,Electronics,WH_EAST_01,B2B_DISTRIBUTOR
2026-05-19,640,ELE_SP_PRO_15,Electronics,WH_EAST_01,B2B_DISTRIBUTOR
2026-05-20,672,ELE_SP_PRO_15,Electronics,WH_EAST_01,B2B_DISTRIBUTOR
2026-05-21,651,ELE_SP_PRO_15,Electronics,WH_EAST_01,B2B_DISTRIBUTOR
2026-05-22,949,ELE_SP_PRO_15,Electronics,WH_EAST_01,B2B_DISTRIBUTOR
2026-05-23,776,ELE_SP_PRO_15,Electronics,WH_EAST_01,B2B_DISTRIBUTOR
2026-05-24,929,ELE_SP_PRO_15,Electronics,WH_EAST_01,B2B_DISTRIBUTOR
2026-05-25,2132,ELE_SP_PRO_15,Electronics,WH_EAST_01,B2B_DISTRIBUTOR
2026-05-26,998,ELE_SP_PRO_15,Electronics,WH_EAST_01,B2B_DISTRIBUTOR
2026-05-27,690,ELE_SP_PRO_15,Electronics,WH_EAST_01,B2B_DISTRIBUTOR
2026-05-28,777,ELE_SP_PRO_15,Electronics,WH_EAST_01,B2B_DISTRIBUTOR
2026-05-29,844,ELE_SP_PRO_15,Electronics,WH_EAST_01,B2B_DISTRIBUTOR
2026-03-01,5131,FMCG_SODA_12P,FMCG,WH_EAST_01,OMNICHANNEL
2026-03-02,4683,FMCG_SODA_12P,FMCG,WH_EAST_01,OMNICHANNEL
2026-03-03,6137,FMCG_SODA_12P,FMCG,WH_EAST_01,OMNICHANNEL
2026-03-04,6988,FMCG_SODA_12P,FMCG,WH_EAST_01,OMNICHANNEL
2026-03-05,6511,FMCG_SODA_12P,FMCG,WH_EAST_01,OMNICHANNEL
2026-03-06,6730,FMCG_SODA_12P,FMCG,WH_EAST_01,OMNICHANNEL
2026-03-07,6422,FMCG_SODA_12P,FMCG,WH_EAST_01,OMNICHANNEL
2026-03-08,6329,FMCG_SODA_12P,FMCG,WH_EAST_01,OMNICHANNEL
2026-03-09,6654,FMCG_SODA_12P,FMCG,WH_EAST_01,OMNICHANNEL
2026-03-10,6775,FMCG_SODA_12P,FMCG,WH_EAST_01,OMNICHANNEL
2026-03-11,6293,FMCG_SODA_12P,FMCG,WH_EAST_01,OMNICHANNEL
2026-03-12,6935,FMCG_SODA_12P,FMCG,WH_EAST_01,OMNICHANNEL
2026-03-13,6360,FMCG_SODA_12P,FMCG,WH_EAST_01,OMNICHANNEL
2026-03-14,5475,FMCG_SODA_12P,FMCG,WH_EAST_01,OMNICHANNEL
2026-03-15,4976,FMCG_SODA_12P,FMCG,WH_EAST_01,OMNICHANNEL
2026-03-16,5224,FMCG_SODA_12P,FMCG,WH_EAST_01,OMNICHANNEL
2026-03-17,4547,FMCG_SODA_12P,FMCG,WH_EAST_01,OMNICHANNEL
2026-03-18,3868,FMCG_SODA_12P,FMCG,WH_EAST_01,OMNICHANNEL
2026-03-19,4088,FMCG_SODA_12P,FMCG,WH_EAST_01,OMNICHANNEL
2026-03-20,4188,FMCG_SODA_12P,FMCG,WH_EAST_01,OMNICHANNEL
2026-03-21,3758,FMCG_SODA_12P,FMCG,WH_EAST_01,OMNICHANNEL
2026-03-22,2842,FMCG_SODA_12P,FMCG,WH_EAST_01,OMNICHANNEL
2026-03-23,3538,FMCG_SODA_12P,FMCG,WH_EAST_01,OMNICHANNEL
2026-03-24,3500,FMCG_SODA_12P,FMCG,WH_EAST_01,OMNICHANNEL
2026-03-25,3651,FMCG_SODA_12P,FMCG,WH_EAST_01,OMNICHANNEL
2026-03-26,2995,FMCG_SODA_12P,FMCG,WH_EAST_01,OMNICHANNEL
2026-03-27,4455,FMCG_SODA_12P,FMCG,WH_EAST_01,OMNICHANNEL
2026-03-28,4745,FMCG_SODA_12P,FMCG,WH_EAST_01,OMNICHANNEL
2026-03-29,3752,FMCG_SODA_12P,FMCG,WH_EAST_01,OMNICHANNEL
2026-03-30,5147,FMCG_SODA_12P,FMCG,WH_EAST_01,OMNICHANNEL
2026-03-31,5259,FMCG_SODA_12P,FMCG,WH_EAST_01,OMNICHANNEL
2026-04-01,4632,FMCG_SODA_12P,FMCG,WH_EAST_01,OMNICHANNEL
2026-04-02,6304,FMCG_SODA_12P,FMCG,WH_EAST_01,OMNICHANNEL
2026-04-03,6505,FMCG_SODA_12P,FMCG,WH_EAST_01,OMNICHANNEL
2026-04-04,5362,FMCG_SODA_12P,FMCG,WH_EAST_01,OMNICHANNEL
2026-04-05,6072,FMCG_SODA_12P,FMCG,WH_EAST_01,OMNICHANNEL
2026-04-06,6645,FMCG_SODA_12P,FMCG,WH_EAST_01,OMNICHANNEL
2026-04-07,6037,FMCG_SODA_12P,FMCG,WH_EAST_01,OMNICHANNEL
2026-04-08,6071,FMCG_SODA_12P,FMCG,WH_EAST_01,OMNICHANNEL
2026-04-09,6592,FMCG_SODA_12P,FMCG,WH_EAST_01,OMNICHANNEL
2026-04-10,6284,FMCG_SODA_12P,FMCG,WH_EAST_01,OMNICHANNEL
2026-04-11,5758,FMCG_SODA_12P,FMCG,WH_EAST_01,OMNICHANNEL
2026-04-12,5858,FMCG_SODA_12P,FMCG,WH_EAST_01,OMNICHANNEL
2026-04-13,5724,FMCG_SODA_12P,FMCG,WH_EAST_01,OMNICHANNEL
2026-04-14,5749,FMCG_SODA_12P,FMCG,WH_EAST_01,OMNICHANNEL
2026-04-15,5911,FMCG_SODA_12P,FMCG,WH_EAST_01,OMNICHANNEL
2026-04-16,4592,FMCG_SODA_12P,FMCG,WH_EAST_01,OMNICHANNEL
2026-04-17,3833,FMCG_SODA_12P,FMCG,WH_EAST_01,OMNICHANNEL
2026-04-18,5067,FMCG_SODA_12P,FMCG,WH_EAST_01,OMNICHANNEL
2026-04-19,4190,FMCG_SODA_12P,FMCG,WH_EAST_01,OMNICHANNEL
2026-04-20,4531,FMCG_SODA_12P,FMCG,WH_EAST_01,OMNICHANNEL
2026-04-21,3133,FMCG_SODA_12P,FMCG,WH_EAST_01,OMNICHANNEL
2026-04-22,3793,FMCG_SODA_12P,FMCG,WH_EAST_01,OMNICHANNEL
2026-04-23,4005,FMCG_SODA_12P,FMCG,WH_EAST_01,OMNICHANNEL
2026-04-24,3344,FMCG_SODA_12P,FMCG,WH_EAST_01,OMNICHANNEL
2026-04-25,3243,FMCG_SODA_12P,FMCG,WH_EAST_01,OMNICHANNEL
2026-04-26,4412,FMCG_SODA_12P,FMCG,WH_EAST_01,OMNICHANNEL
2026-04-27,4053,FMCG_SODA_12P,FMCG,WH_EAST_01,OMNICHANNEL
2026-04-28,4230,FMCG_SODA_12P,FMCG,WH_EAST_01,OMNICHANNEL
2026-04-29,4527,FMCG_SODA_12P,FMCG,WH_EAST_01,OMNICHANNEL
2026-04-30,5438,FMCG_SODA_12P,FMCG,WH_EAST_01,OMNICHANNEL
2026-05-01,5380,FMCG_SODA_12P,FMCG,WH_EAST_01,OMNICHANNEL
2026-05-02,5021,FMCG_SODA_12P,FMCG,WH_EAST_01,OMNICHANNEL
2026-05-03,6260,FMCG_SODA_12P,FMCG,WH_EAST_01,OMNICHANNEL
2026-05-04,5907,FMCG_SODA_12P,FMCG,WH_EAST_01,OMNICHANNEL
2026-05-05,6033,FMCG_SODA_12P,FMCG,WH_EAST_01,OMNICHANNEL
2026-05-06,6748,FMCG_SODA_12P,FMCG,WH_EAST_01,OMNICHANNEL
2026-05-07,5951,FMCG_SODA_12P,FMCG,WH_EAST_01,OMNICHANNEL
2026-05-08,6468,FMCG_SODA_12P,FMCG,WH_EAST_01,OMNICHANNEL
2026-05-09,5692,FMCG_SODA_12P,FMCG,WH_EAST_01,OMNICHANNEL
2026-05-10,6501,FMCG_SODA_12P,FMCG,WH_EAST_01,OMNICHANNEL
2026-05-11,6195,FMCG_SODA_12P,FMCG,WH_EAST_01,OMNICHANNEL
2026-05-12,6330,FMCG_SODA_12P,FMCG,WH_EAST_01,OMNICHANNEL
2026-05-13,5567,FMCG_SODA_12P,FMCG,WH_EAST_01,OMNICHANNEL
2026-05-14,5248,FMCG_SODA_12P,FMCG,WH_EAST_01,OMNICHANNEL
2026-05-15,4898,FMCG_SODA_12P,FMCG,WH_EAST_01,OMNICHANNEL
2026-05-16,4823,FMCG_SODA_12P,FMCG,WH_EAST_01,OMNICHANNEL
2026-05-17,4090,FMCG_SODA_12P,FMCG,WH_EAST_01,OMNICHANNEL
2026-05-18,4186,FMCG_SODA_12P,FMCG,WH_EAST_01,OMNICHANNEL
2026-05-19,3502,FMCG_SODA_12P,FMCG,WH_EAST_01,OMNICHANNEL
2026-05-20,4266,FMCG_SODA_12P,FMCG,WH_EAST_01,OMNICHANNEL
2026-05-21,3379,FMCG_SODA_12P,FMCG,WH_EAST_01,OMNICHANNEL
2026-05-22,4093,FMCG_SODA_12P,FMCG,WH_EAST_01,OMNICHANNEL
2026-05-23,3602,FMCG_SODA_12P,FMCG,WH_EAST_01,OMNICHANNEL
2026-05-24,3490,FMCG_SODA_12P,FMCG,WH_EAST_01,OMNICHANNEL
2026-05-25,4140,FMCG_SODA_12P,FMCG,WH_EAST_01,OMNICHANNEL
2026-05-26,4049,FMCG_SODA_12P,FMCG,WH_EAST_01,OMNICHANNEL
2026-05-27,4064,FMCG_SODA_12P,FMCG,WH_EAST_01,OMNICHANNEL
2026-05-28,4323,FMCG_SODA_12P,FMCG,WH_EAST_01,OMNICHANNEL
2026-05-29,4808,FMCG_SODA_12P,FMCG,WH_EAST_01,OMNICHANNEL
2026-03-01,2914,FMCG_YOGURT_GRK,FMCG,WH_EAST_01,OMNICHANNEL
2026-03-02,2865,FMCG_YOGURT_GRK,FMCG,WH_EAST_01,OMNICHANNEL
2026-03-03,3046,FMCG_YOGURT_GRK,FMCG,WH_EAST_01,OMNICHANNEL
2026-03-04,2773,FMCG_YOGURT_GRK,FMCG,WH_EAST_01,OMNICHANNEL
2026-03-05,3117,FMCG_YOGURT_GRK,FMCG,WH_EAST_01,OMNICHANNEL
2026-03-06,2961,FMCG_YOGURT_GRK,FMCG,WH_EAST_01,OMNICHANNEL
2026-03-07,2826,FMCG_YOGURT_GRK,FMCG,WH_EAST_01,OMNICHANNEL
2026-03-08,3161,FMCG_YOGURT_GRK,FMCG,WH_EAST_01,OMNICHANNEL
2026-03-09,3106,FMCG_YOGURT_GRK,FMCG,WH_EAST_01,OMNICHANNEL
2026-03-10,3110,FMCG_YOGURT_GRK,FMCG,WH_EAST_01,OMNICHANNEL
2026-03-11,3139,FMCG_YOGURT_GRK,FMCG,WH_EAST_01,OMNICHANNEL
2026-03-12,2827,FMCG_YOGURT_GRK,FMCG,WH_EAST_01,OMNICHANNEL
2026-03-13,3236,FMCG_YOGURT_GRK,FMCG,WH_EAST_01,OMNICHANNEL
2026-03-14,2801,FMCG_YOGURT_GRK,FMCG,WH_EAST_01,OMNICHANNEL
2026-03-15,2768,FMCG_YOGURT_GRK,FMCG,WH_EAST_01,OMNICHANNEL
2026-03-16,3237,FMCG_YOGURT_GRK,FMCG,WH_EAST_01,OMNICHANNEL
2026-03-17,3067,FMCG_YOGURT_GRK,FMCG,WH_EAST_01,OMNICHANNEL
2026-03-18,3229,FMCG_YOGURT_GRK,FMCG,WH_EAST_01,OMNICHANNEL
2026-03-19,2859,FMCG_YOGURT_GRK,FMCG,WH_EAST_01,OMNICHANNEL
2026-03-20,2885,FMCG_YOGURT_GRK,FMCG,WH_EAST_01,OMNICHANNEL
2026-03-21,2860,FMCG_YOGURT_GRK,FMCG,WH_EAST_01,OMNICHANNEL
2026-03-22,2897,FMCG_YOGURT_GRK,FMCG,WH_EAST_01,OMNICHANNEL
2026-03-23,3064,FMCG_YOGURT_GRK,FMCG,WH_EAST_01,OMNICHANNEL
2026-03-24,2897,FMCG_YOGURT_GRK,FMCG,WH_EAST_01,OMNICHANNEL
2026-03-25,2931,FMCG_YOGURT_GRK,FMCG,WH_EAST_01,OMNICHANNEL
2026-03-26,2848,FMCG_YOGURT_GRK,FMCG,WH_EAST_01,OMNICHANNEL
2026-03-27,3324,FMCG_YOGURT_GRK,FMCG,WH_EAST_01,OMNICHANNEL
2026-03-28,3065,FMCG_YOGURT_GRK,FMCG,WH_EAST_01,OMNICHANNEL
2026-03-29,2895,FMCG_YOGURT_GRK,FMCG,WH_EAST_01,OMNICHANNEL
2026-03-30,2918,FMCG_YOGURT_GRK,FMCG,WH_EAST_01,OMNICHANNEL
2026-03-31,3079,FMCG_YOGURT_GRK,FMCG,WH_EAST_01,OMNICHANNEL
2026-04-01,3095,FMCG_YOGURT_GRK,FMCG,WH_EAST_01,OMNICHANNEL
2026-04-02,3060,FMCG_YOGURT_GRK,FMCG,WH_EAST_01,OMNICHANNEL
2026-04-03,3116,FMCG_YOGURT_GRK,FMCG,WH_EAST_01,OMNICHANNEL
2026-04-04,3150,FMCG_YOGURT_GRK,FMCG,WH_EAST_01,OMNICHANNEL
2026-04-05,2986,FMCG_YOGURT_GRK,FMCG,WH_EAST_01,OMNICHANNEL
2026-04-06,3090,FMCG_YOGURT_GRK,FMCG,WH_EAST_01,OMNICHANNEL
2026-04-07,3216,FMCG_YOGURT_GRK,FMCG,WH_EAST_01,OMNICHANNEL
2026-04-08,3093,FMCG_YOGURT_GRK,FMCG,WH_EAST_01,OMNICHANNEL
2026-04-09,2870,FMCG_YOGURT_GRK,FMCG,WH_EAST_01,OMNICHANNEL
2026-04-10,2769,FMCG_YOGURT_GRK,FMCG,WH_EAST_01,OMNICHANNEL
2026-04-11,3185,FMCG_YOGURT_GRK,FMCG,WH_EAST_01,OMNICHANNEL
2026-04-12,3279,FMCG_YOGURT_GRK,FMCG,WH_EAST_01,OMNICHANNEL
2026-04-13,2987,FMCG_YOGURT_GRK,FMCG,WH_EAST_01,OMNICHANNEL
2026-04-14,3191,FMCG_YOGURT_GRK,FMCG,WH_EAST_01,OMNICHANNEL
2026-04-15,2859,FMCG_YOGURT_GRK,FMCG,WH_EAST_01,OMNICHANNEL
2026-04-16,2900,FMCG_YOGURT_GRK,FMCG,WH_EAST_01,OMNICHANNEL
2026-04-17,3259,FMCG_YOGURT_GRK,FMCG,WH_EAST_01,OMNICHANNEL
2026-04-18,2953,FMCG_YOGURT_GRK,FMCG,WH_EAST_01,OMNICHANNEL
2026-04-19,3046,FMCG_YOGURT_GRK,FMCG,WH_EAST_01,OMNICHANNEL
2026-04-20,2947,FMCG_YOGURT_GRK,FMCG,WH_EAST_01,OMNICHANNEL
2026-04-21,3161,FMCG_YOGURT_GRK,FMCG,WH_EAST_01,OMNICHANNEL
2026-04-22,2955,FMCG_YOGURT_GRK,FMCG,WH_EAST_01,OMNICHANNEL
2026-04-23,2970,FMCG_YOGURT_GRK,FMCG,WH_EAST_01,OMNICHANNEL
2026-04-24,2985,FMCG_YOGURT_GRK,FMCG,WH_EAST_01,OMNICHANNEL
2026-04-25,3015,FMCG_YOGURT_GRK,FMCG,WH_EAST_01,OMNICHANNEL
2026-04-26,2832,FMCG_YOGURT_GRK,FMCG,WH_EAST_01,OMNICHANNEL
2026-04-27,2847,FMCG_YOGURT_GRK,FMCG,WH_EAST_01,OMNICHANNEL
2026-04-28,3242,FMCG_YOGURT_GRK,FMCG,WH_EAST_01,OMNICHANNEL
2026-04-29,3025,FMCG_YOGURT_GRK,FMCG,WH_EAST_01,OMNICHANNEL
2026-04-30,3148,FMCG_YOGURT_GRK,FMCG,WH_EAST_01,OMNICHANNEL
2026-05-01,2875,FMCG_YOGURT_GRK,FMCG,WH_EAST_01,OMNICHANNEL
2026-05-02,2960,FMCG_YOGURT_GRK,FMCG,WH_EAST_01,OMNICHANNEL
2026-05-03,2698,FMCG_YOGURT_GRK,FMCG,WH_EAST_01,OMNICHANNEL
2026-05-04,2766,FMCG_YOGURT_GRK,FMCG,WH_EAST_01,OMNICHANNEL
2026-05-05,3044,FMCG_YOGURT_GRK,FMCG,WH_EAST_01,OMNICHANNEL
2026-05-06,3040,FMCG_YOGURT_GRK,FMCG,WH_EAST_01,OMNICHANNEL
2026-05-07,2927,FMCG_YOGURT_GRK,FMCG,WH_EAST_01,OMNICHANNEL
2026-05-08,2934,FMCG_YOGURT_GRK,FMCG,WH_EAST_01,OMNICHANNEL
2026-05-09,2997,FMCG_YOGURT_GRK,FMCG,WH_EAST_01,OMNICHANNEL
2026-05-10,3185,FMCG_YOGURT_GRK,FMCG,WH_EAST_01,OMNICHANNEL
2026-05-11,2958,FMCG_YOGURT_GRK,FMCG,WH_EAST_01,OMNICHANNEL
2026-05-12,3314,FMCG_YOGURT_GRK,FMCG,WH_EAST_01,OMNICHANNEL
2026-05-13,2878,FMCG_YOGURT_GRK,FMCG,WH_EAST_01,OMNICHANNEL
2026-05-14,3034,FMCG_YOGURT_GRK,FMCG,WH_EAST_01,OMNICHANNEL
2026-05-15,3029,FMCG_YOGURT_GRK,FMCG,WH_EAST_01,OMNICHANNEL
2026-05-16,2672,FMCG_YOGURT_GRK,FMCG,WH_EAST_01,OMNICHANNEL
2026-05-17,2806,FMCG_YOGURT_GRK,FMCG,WH_EAST_01,OMNICHANNEL
2026-05-18,2843,FMCG_YOGURT_GRK,FMCG,WH_EAST_01,OMNICHANNEL
2026-05-19,3015,FMCG_YOGURT_GRK,FMCG,WH_EAST_01,OMNICHANNEL
2026-05-20,3001,FMCG_YOGURT_GRK,FMCG,WH_EAST_01,OMNICHANNEL
2026-05-21,3172,FMCG_YOGURT_GRK,FMCG,WH_EAST_01,OMNICHANNEL
2026-05-22,3086,FMCG_YOGURT_GRK,FMCG,WH_EAST_01,OMNICHANNEL
2026-05-23,2941,FMCG_YOGURT_GRK,FMCG,WH_EAST_01,OMNICHANNEL
2026-05-24,2978,FMCG_YOGURT_GRK,FMCG,WH_EAST_01,OMNICHANNEL
2026-05-25,2970,FMCG_YOGURT_GRK,FMCG,WH_EAST_01,OMNICHANNEL
2026-05-26,2829,FMCG_YOGURT_GRK,FMCG,WH_EAST_01,OMNICHANNEL
2026-05-27,2913,FMCG_YOGURT_GRK,FMCG,WH_EAST_01,OMNICHANNEL
2026-05-28,2854,FMCG_YOGURT_GRK,FMCG,WH_EAST_01,OMNICHANNEL
2026-05-29,2870,FMCG_YOGURT_GRK,FMCG,WH_EAST_01,OMNICHANNEL
2026-03-01,429,APP_JKT_WNT_MD,Apparel,WH_EAST_01,OMNICHANNEL
2026-03-02,474,APP_JKT_WNT_MD,Apparel,WH_EAST_01,OMNICHANNEL
2026-03-03,446,APP_JKT_WNT_MD,Apparel,WH_EAST_01,OMNICHANNEL
2026-03-04,484,APP_JKT_WNT_MD,Apparel,WH_EAST_01,OMNICHANNEL
2026-03-05,542,APP_JKT_WNT_MD,Apparel,WH_EAST_01,OMNICHANNEL
2026-03-06,509,APP_JKT_WNT_MD,Apparel,WH_EAST_01,OMNICHANNEL
2026-03-07,515,APP_JKT_WNT_MD,Apparel,WH_EAST_01,OMNICHANNEL
2026-03-08,562,APP_JKT_WNT_MD,Apparel,WH_EAST_01,OMNICHANNEL
2026-03-09,486,APP_JKT_WNT_MD,Apparel,WH_EAST_01,OMNICHANNEL
2026-03-10,484,APP_JKT_WNT_MD,Apparel,WH_EAST_01,OMNICHANNEL
2026-03-11,516,APP_JKT_WNT_MD,Apparel,WH_EAST_01,OMNICHANNEL
2026-03-12,508,APP_JKT_WNT_MD,Apparel,WH_EAST_01,OMNICHANNEL
2026-03-13,477,APP_JKT_WNT_MD,Apparel,WH_EAST_01,OMNICHANNEL
2026-03-14,427,APP_JKT_WNT_MD,Apparel,WH_EAST_01,OMNICHANNEL
2026-03-15,383,APP_JKT_WNT_MD,Apparel,WH_EAST_01,OMNICHANNEL
2026-03-16,415,APP_JKT_WNT_MD,Apparel,WH_EAST_01,OMNICHANNEL
2026-03-17,394,APP_JKT_WNT_MD,Apparel,WH_EAST_01,OMNICHANNEL
2026-03-18,361,APP_JKT_WNT_MD,Apparel,WH_EAST_01,OMNICHANNEL
2026-03-19,268,APP_JKT_WNT_MD,Apparel,WH_EAST_01,OMNICHANNEL
2026-03-20,325,APP_JKT_WNT_MD,Apparel,WH_EAST_01,OMNICHANNEL
2026-03-21,268,APP_JKT_WNT_MD,Apparel,WH_EAST_01,OMNICHANNEL
2026-03-22,272,APP_JKT_WNT_MD,Apparel,WH_EAST_01,OMNICHANNEL
2026-03-23,306,APP_JKT_WNT_MD,Apparel,WH_EAST_01,OMNICHANNEL
2026-03-24,249,APP_JKT_WNT_MD,Apparel,WH_EAST_01,OMNICHANNEL
2026-03-25,231,APP_JKT_WNT_MD,Apparel,WH_EAST_01,OMNICHANNEL
2026-03-26,282,APP_JKT_WNT_MD,Apparel,WH_EAST_01,OMNICHANNEL
2026-03-27,295,APP_JKT_WNT_MD,Apparel,WH_EAST_01,OMNICHANNEL
2026-03-28,325,APP_JKT_WNT_MD,Apparel,WH_EAST_01,OMNICHANNEL
2026-03-29,383,APP_JKT_WNT_MD,Apparel,WH_EAST_01,OMNICHANNEL
2026-03-30,390,APP_JKT_WNT_MD,Apparel,WH_EAST_01,OMNICHANNEL
2026-03-31,405,APP_JKT_WNT_MD,Apparel,WH_EAST_01,OMNICHANNEL
2026-04-01,438,APP_JKT_WNT_MD,Apparel,WH_EAST_01,OMNICHANNEL
2026-04-02,370,APP_JKT_WNT_MD,Apparel,WH_EAST_01,OMNICHANNEL
2026-04-03,443,APP_JKT_WNT_MD,Apparel,WH_EAST_01,OMNICHANNEL
2026-04-04,517,APP_JKT_WNT_MD,Apparel,WH_EAST_01,OMNICHANNEL
2026-04-05,493,APP_JKT_WNT_MD,Apparel,WH_EAST_01,OMNICHANNEL
2026-04-06,512,APP_JKT_WNT_MD,Apparel,WH_EAST_01,OMNICHANNEL
2026-04-07,516,APP_JKT_WNT_MD,Apparel,WH_EAST_01,OMNICHANNEL
2026-04-08,556,APP_JKT_WNT_MD,Apparel,WH_EAST_01,OMNICHANNEL
2026-04-09,551,APP_JKT_WNT_MD,Apparel,WH_EAST_01,OMNICHANNEL
2026-04-10,491,APP_JKT_WNT_MD,Apparel,WH_EAST_01,OMNICHANNEL
2026-04-11,450,APP_JKT_WNT_MD,Apparel,WH_EAST_01,OMNICHANNEL
2026-04-12,440,APP_JKT_WNT_MD,Apparel,WH_EAST_01,OMNICHANNEL
2026-04-13,437,APP_JKT_WNT_MD,Apparel,WH_EAST_01,OMNICHANNEL
2026-04-14,433,APP_JKT_WNT_MD,Apparel,WH_EAST_01,OMNICHANNEL
2026-04-15,434,APP_JKT_WNT_MD,Apparel,WH_EAST_01,OMNICHANNEL
2026-04-16,372,APP_JKT_WNT_MD,Apparel,WH_EAST_01,OMNICHANNEL
2026-04-17,295,APP_JKT_WNT_MD,Apparel,WH_EAST_01,OMNICHANNEL
2026-04-18,276,APP_JKT_WNT_MD,Apparel,WH_EAST_01,OMNICHANNEL
2026-04-19,312,APP_JKT_WNT_MD,Apparel,WH_EAST_01,OMNICHANNEL
2026-04-20,297,APP_JKT_WNT_MD,Apparel,WH_EAST_01,OMNICHANNEL
2026-04-21,240,APP_JKT_WNT_MD,Apparel,WH_EAST_01,OMNICHANNEL
2026-04-22,282,APP_JKT_WNT_MD,Apparel,WH_EAST_01,OMNICHANNEL
2026-04-23,342,APP_JKT_WNT_MD,Apparel,WH_EAST_01,OMNICHANNEL
2026-04-24,318,APP_JKT_WNT_MD,Apparel,WH_EAST_01,OMNICHANNEL
2026-04-25,274,APP_JKT_WNT_MD,Apparel,WH_EAST_01,OMNICHANNEL
2026-04-26,355,APP_JKT_WNT_MD,Apparel,WH_EAST_01,OMNICHANNEL
2026-04-27,349,APP_JKT_WNT_MD,Apparel,WH_EAST_01,OMNICHANNEL
2026-04-28,313,APP_JKT_WNT_MD,Apparel,WH_EAST_01,OMNICHANNEL
2026-04-29,338,APP_JKT_WNT_MD,Apparel,WH_EAST_01,OMNICHANNEL
2026-04-30,410,APP_JKT_WNT_MD,Apparel,WH_EAST_01,OMNICHANNEL
2026-05-01,439,APP_JKT_WNT_MD,Apparel,WH_EAST_01,OMNICHANNEL
2026-05-02,467,APP_JKT_WNT_MD,Apparel,WH_EAST_01,OMNICHANNEL
2026-05-03,421,APP_JKT_WNT_MD,Apparel,WH_EAST_01,OMNICHANNEL
2026-05-04,508,APP_JKT_WNT_MD,Apparel,WH_EAST_01,OMNICHANNEL
2026-05-05,490,APP_JKT_WNT_MD,Apparel,WH_EAST_01,OMNICHANNEL
2026-05-06,492,APP_JKT_WNT_MD,Apparel,WH_EAST_01,OMNICHANNEL
2026-05-07,511,APP_JKT_WNT_MD,Apparel,WH_EAST_01,OMNICHANNEL
2026-05-08,514,APP_JKT_WNT_MD,Apparel,WH_EAST_01,OMNICHANNEL
2026-05-09,504,APP_JKT_WNT_MD,Apparel,WH_EAST_01,OMNICHANNEL
2026-05-10,610,APP_JKT_WNT_MD,Apparel,WH_EAST_01,OMNICHANNEL
2026-05-11,471,APP_JKT_WNT_MD,Apparel,WH_EAST_01,OMNICHANNEL
2026-05-12,432,APP_JKT_WNT_MD,Apparel,WH_EAST_01,OMNICHANNEL
2026-05-13,377,APP_JKT_WNT_MD,Apparel,WH_EAST_01,OMNICHANNEL
2026-05-14,416,APP_JKT_WNT_MD,Apparel,WH_EAST_01,OMNICHANNEL
2026-05-15,413,APP_JKT_WNT_MD,Apparel,WH_EAST_01,OMNICHANNEL
2026-05-16,365,APP_JKT_WNT_MD,Apparel,WH_EAST_01,OMNICHANNEL
2026-05-17,341,APP_JKT_WNT_MD,Apparel,WH_EAST_01,OMNICHANNEL
2026-05-18,319,APP_JKT_WNT_MD,Apparel,WH_EAST_01,OMNICHANNEL
2026-05-19,318,APP_JKT_WNT_MD,Apparel,WH_EAST_01,OMNICHANNEL
2026-05-20,256,APP_JKT_WNT_MD,Apparel,WH_EAST_01,OMNICHANNEL
2026-05-21,300,APP_JKT_WNT_MD,Apparel,WH_EAST_01,OMNICHANNEL
2026-05-22,216,APP_JKT_WNT_MD,Apparel,WH_EAST_01,OMNICHANNEL
2026-05-23,287,APP_JKT_WNT_MD,Apparel,WH_EAST_01,OMNICHANNEL
2026-05-24,255,APP_JKT_WNT_MD,Apparel,WH_EAST_01,OMNICHANNEL
2026-05-25,278,APP_JKT_WNT_MD,Apparel,WH_EAST_01,OMNICHANNEL
2026-05-26,309,APP_JKT_WNT_MD,Apparel,WH_EAST_01,OMNICHANNEL
2026-05-27,294,APP_JKT_WNT_MD,Apparel,WH_EAST_01,OMNICHANNEL
2026-05-28,342,APP_JKT_WNT_MD,Apparel,WH_EAST_01,OMNICHANNEL
2026-05-29,441,APP_JKT_WNT_MD,Apparel,WH_EAST_01,OMNICHANNEL
2026-03-01,1537,APP_TEE_WHT_LG,Apparel,WH_EAST_01,OMNICHANNEL
2026-03-02,1415,APP_TEE_WHT_LG,Apparel,WH_EAST_01,OMNICHANNEL
2026-03-03,1560,APP_TEE_WHT_LG,Apparel,WH_EAST_01,OMNICHANNEL
2026-03-04,1497,APP_TEE_WHT_LG,Apparel,WH_EAST_01,OMNICHANNEL
2026-03-05,1545,APP_TEE_WHT_LG,Apparel,WH_EAST_01,OMNICHANNEL
2026-03-06,1362,APP_TEE_WHT_LG,Apparel,WH_EAST_01,OMNICHANNEL
2026-03-07,1558,APP_TEE_WHT_LG,Apparel,WH_EAST_01,OMNICHANNEL
2026-03-08,1411,APP_TEE_WHT_LG,Apparel,WH_EAST_01,OMNICHANNEL
2026-03-09,1498,APP_TEE_WHT_LG,Apparel,WH_EAST_01,OMNICHANNEL
2026-03-10,1568,APP_TEE_WHT_LG,Apparel,WH_EAST_01,OMNICHANNEL
2026-03-11,1634,APP_TEE_WHT_LG,Apparel,WH_EAST_01,OMNICHANNEL
2026-03-12,1545,APP_TEE_WHT_LG,Apparel,WH_EAST_01,OMNICHANNEL
2026-03-13,1466,APP_TEE_WHT_LG,Apparel,WH_EAST_01,OMNICHANNEL
2026-03-14,1512,APP_TEE_WHT_LG,Apparel,WH_EAST_01,OMNICHANNEL
2026-03-15,1370,APP_TEE_WHT_LG,Apparel,WH_EAST_01,OMNICHANNEL
2026-03-16,1456,APP_TEE_WHT_LG,Apparel,WH_EAST_01,OMNICHANNEL
2026-03-17,1482,APP_TEE_WHT_LG,Apparel,WH_EAST_01,OMNICHANNEL
2026-03-18,1401,APP_TEE_WHT_LG,Apparel,WH_EAST_01,OMNICHANNEL
2026-03-19,1427,APP_TEE_WHT_LG,Apparel,WH_EAST_01,OMNICHANNEL
2026-03-20,1515,APP_TEE_WHT_LG,Apparel,WH_EAST_01,OMNICHANNEL
2026-03-21,1586,APP_TEE_WHT_LG,Apparel,WH_EAST_01,OMNICHANNEL
2026-03-22,1467,APP_TEE_WHT_LG,Apparel,WH_EAST_01,OMNICHANNEL
2026-03-23,1412,APP_TEE_WHT_LG,Apparel,WH_EAST_01,OMNICHANNEL
2026-03-24,1447,APP_TEE_WHT_LG,Apparel,WH_EAST_01,OMNICHANNEL
2026-03-25,1386,APP_TEE_WHT_LG,Apparel,WH_EAST_01,OMNICHANNEL
2026-03-26,1552,APP_TEE_WHT_LG,Apparel,WH_EAST_01,OMNICHANNEL
2026-03-27,1548,APP_TEE_WHT_LG,Apparel,WH_EAST_01,OMNICHANNEL
2026-03-28,1477,APP_TEE_WHT_LG,Apparel,WH_EAST_01,OMNICHANNEL
2026-03-29,1572,APP_TEE_WHT_LG,Apparel,WH_EAST_01,OMNICHANNEL
2026-03-30,1474,APP_TEE_WHT_LG,Apparel,WH_EAST_01,OMNICHANNEL
2026-03-31,1327,APP_TEE_WHT_LG,Apparel,WH_EAST_01,OMNICHANNEL
2026-04-01,1531,APP_TEE_WHT_LG,Apparel,WH_EAST_01,OMNICHANNEL
2026-04-02,1448,APP_TEE_WHT_LG,Apparel,WH_EAST_01,OMNICHANNEL
2026-04-03,1503,APP_TEE_WHT_LG,Apparel,WH_EAST_01,OMNICHANNEL
2026-04-04,1489,APP_TEE_WHT_LG,Apparel,WH_EAST_01,OMNICHANNEL
2026-04-05,1500,APP_TEE_WHT_LG,Apparel,WH_EAST_01,OMNICHANNEL
2026-04-06,1493,APP_TEE_WHT_LG,Apparel,WH_EAST_01,OMNICHANNEL
2026-04-07,1474,APP_TEE_WHT_LG,Apparel,WH_EAST_01,OMNICHANNEL
2026-04-08,1545,APP_TEE_WHT_LG,Apparel,WH_EAST_01,OMNICHANNEL
2026-04-09,1527,APP_TEE_WHT_LG,Apparel,WH_EAST_01,OMNICHANNEL
2026-04-10,1685,APP_TEE_WHT_LG,Apparel,WH_EAST_01,OMNICHANNEL
2026-04-11,1387,APP_TEE_WHT_LG,Apparel,WH_EAST_01,OMNICHANNEL
2026-04-12,1518,APP_TEE_WHT_LG,Apparel,WH_EAST_01,OMNICHANNEL
2026-04-13,1533,APP_TEE_WHT_LG,Apparel,WH_EAST_01,OMNICHANNEL
2026-04-14,1559,APP_TEE_WHT_LG,Apparel,WH_EAST_01,OMNICHANNEL
2026-04-15,1510,APP_TEE_WHT_LG,Apparel,WH_EAST_01,OMNICHANNEL
2026-04-16,1517,APP_TEE_WHT_LG,Apparel,WH_EAST_01,OMNICHANNEL
2026-04-17,1637,APP_TEE_WHT_LG,Apparel,WH_EAST_01,OMNICHANNEL
2026-04-18,1429,APP_TEE_WHT_LG,Apparel,WH_EAST_01,OMNICHANNEL
2026-04-19,1502,APP_TEE_WHT_LG,Apparel,WH_EAST_01,OMNICHANNEL
2026-04-20,1389,APP_TEE_WHT_LG,Apparel,WH_EAST_01,OMNICHANNEL
2026-04-21,1498,APP_TEE_WHT_LG,Apparel,WH_EAST_01,OMNICHANNEL
2026-04-22,1410,APP_TEE_WHT_LG,Apparel,WH_EAST_01,OMNICHANNEL
2026-04-23,1541,APP_TEE_WHT_LG,Apparel,WH_EAST_01,OMNICHANNEL
2026-04-24,1547,APP_TEE_WHT_LG,Apparel,WH_EAST_01,OMNICHANNEL
2026-04-25,1421,APP_TEE_WHT_LG,Apparel,WH_EAST_01,OMNICHANNEL
2026-04-26,1507,APP_TEE_WHT_LG,Apparel,WH_EAST_01,OMNICHANNEL
2026-04-27,1562,APP_TEE_WHT_LG,Apparel,WH_EAST_01,OMNICHANNEL
2026-04-28,1490,APP_TEE_WHT_LG,Apparel,WH_EAST_01,OMNICHANNEL
2026-04-29,1321,APP_TEE_WHT_LG,Apparel,WH_EAST_01,OMNICHANNEL
2026-04-30,1574,APP_TEE_WHT_LG,Apparel,WH_EAST_01,OMNICHANNEL
2026-05-01,1452,APP_TEE_WHT_LG,Apparel,WH_EAST_01,OMNICHANNEL
2026-05-02,1439,APP_TEE_WHT_LG,Apparel,WH_EAST_01,OMNICHANNEL
2026-05-03,1463,APP_TEE_WHT_LG,Apparel,WH_EAST_01,OMNICHANNEL
2026-05-04,1554,APP_TEE_WHT_LG,Apparel,WH_EAST_01,OMNICHANNEL
2026-05-05,1659,APP_TEE_WHT_LG,Apparel,WH_EAST_01,OMNICHANNEL
2026-05-06,1497,APP_TEE_WHT_LG,Apparel,WH_EAST_01,OMNICHANNEL
2026-05-07,1483,APP_TEE_WHT_LG,Apparel,WH_EAST_01,OMNICHANNEL
2026-05-08,1589,APP_TEE_WHT_LG,Apparel,WH_EAST_01,OMNICHANNEL
2026-05-09,1611,APP_TEE_WHT_LG,Apparel,WH_EAST_01,OMNICHANNEL
2026-05-10,1481,APP_TEE_WHT_LG,Apparel,WH_EAST_01,OMNICHANNEL
2026-05-11,1489,APP_TEE_WHT_LG,Apparel,WH_EAST_01,OMNICHANNEL
2026-05-12,1451,APP_TEE_WHT_LG,Apparel,WH_EAST_01,OMNICHANNEL
2026-05-13,1437,APP_TEE_WHT_LG,Apparel,WH_EAST_01,OMNICHANNEL
2026-05-14,1528,APP_TEE_WHT_LG,Apparel,WH_EAST_01,OMNICHANNEL
2026-05-15,1577,APP_TEE_WHT_LG,Apparel,WH_EAST_01,OMNICHANNEL
2026-05-16,1329,APP_TEE_WHT_LG,Apparel,WH_EAST_01,OMNICHANNEL
2026-05-17,1417,APP_TEE_WHT_LG,Apparel,WH_EAST_01,OMNICHANNEL
2026-05-18,1497,APP_TEE_WHT_LG,Apparel,WH_EAST_01,OMNICHANNEL
2026-05-19,1488,APP_TEE_WHT_LG,Apparel,WH_EAST_01,OMNICHANNEL
2026-05-20,1533,APP_TEE_WHT_LG,Apparel,WH_EAST_01,OMNICHANNEL
2026-05-21,1538,APP_TEE_WHT_LG,Apparel,WH_EAST_01,OMNICHANNEL
2026-05-22,1534,APP_TEE_WHT_LG,Apparel,WH_EAST_01,OMNICHANNEL
2026-05-23,1424,APP_TEE_WHT_LG,Apparel,WH_EAST_01,OMNICHANNEL
2026-05-24,1579,APP_TEE_WHT_LG,Apparel,WH_EAST_01,OMNICHANNEL
2026-05-25,1469,APP_TEE_WHT_LG,Apparel,WH_EAST_01,OMNICHANNEL
2026-05-26,1563,APP_TEE_WHT_LG,Apparel,WH_EAST_01,OMNICHANNEL
2026-05-27,1529,APP_TEE_WHT_LG,Apparel,WH_EAST_01,OMNICHANNEL
2026-05-28,1545,APP_TEE_WHT_LG,Apparel,WH_EAST_01,OMNICHANNEL
2026-05-29,1400,APP_TEE_WHT_LG,Apparel,WH_EAST_01,OMNICHANNEL
2026-03-01,643,PHARM_INSUL_RGL,Pharmaceuticals,WH_EAST_01,B2B_DISTRIBUTOR
2026-03-02,570,PHARM_INSUL_RGL,Pharmaceuticals,WH_EAST_01,B2B_DISTRIBUTOR
2026-03-03,613,PHARM_INSUL_RGL,Pharmaceuticals,WH_EAST_01,B2B_DISTRIBUTOR
2026-03-04,554,PHARM_INSUL_RGL,Pharmaceuticals,WH_EAST_01,B2B_DISTRIBUTOR
2026-03-05,580,PHARM_INSUL_RGL,Pharmaceuticals,WH_EAST_01,B2B_DISTRIBUTOR
2026-03-06,642,PHARM_INSUL_RGL,Pharmaceuticals,WH_EAST_01,B2B_DISTRIBUTOR
2026-03-07,638,PHARM_INSUL_RGL,Pharmaceuticals,WH_EAST_01,B2B_DISTRIBUTOR
2026-03-08,594,PHARM_INSUL_RGL,Pharmaceuticals,WH_EAST_01,B2B_DISTRIBUTOR
2026-03-09,614,PHARM_INSUL_RGL,Pharmaceuticals,WH_EAST_01,B2B_DISTRIBUTOR
2026-03-10,605,PHARM_INSUL_RGL,Pharmaceuticals,WH_EAST_01,B2B_DISTRIBUTOR
2026-03-11,622,PHARM_INSUL_RGL,Pharmaceuticals,WH_EAST_01,B2B_DISTRIBUTOR
2026-03-12,596,PHARM_INSUL_RGL,Pharmaceuticals,WH_EAST_01,B2B_DISTRIBUTOR
2026-03-13,591,PHARM_INSUL_RGL,Pharmaceuticals,WH_EAST_01,B2B_DISTRIBUTOR
2026-03-14,615,PHARM_INSUL_RGL,Pharmaceuticals,WH_EAST_01,B2B_DISTRIBUTOR
2026-03-15,625,PHARM_INSUL_RGL,Pharmaceuticals,WH_EAST_01,B2B_DISTRIBUTOR
2026-03-16,641,PHARM_INSUL_RGL,Pharmaceuticals,WH_EAST_01,B2B_DISTRIBUTOR
2026-03-17,585,PHARM_INSUL_RGL,Pharmaceuticals,WH_EAST_01,B2B_DISTRIBUTOR
2026-03-18,587,PHARM_INSUL_RGL,Pharmaceuticals,WH_EAST_01,B2B_DISTRIBUTOR
2026-03-19,597,PHARM_INSUL_RGL,Pharmaceuticals,WH_EAST_01,B2B_DISTRIBUTOR
2026-03-20,603,PHARM_INSUL_RGL,Pharmaceuticals,WH_EAST_01,B2B_DISTRIBUTOR
2026-03-21,573,PHARM_INSUL_RGL,Pharmaceuticals,WH_EAST_01,B2B_DISTRIBUTOR
2026-03-22,598,PHARM_INSUL_RGL,Pharmaceuticals,WH_EAST_01,B2B_DISTRIBUTOR
2026-03-23,557,PHARM_INSUL_RGL,Pharmaceuticals,WH_EAST_01,B2B_DISTRIBUTOR
2026-03-24,654,PHARM_INSUL_RGL,Pharmaceuticals,WH_EAST_01,B2B_DISTRIBUTOR
2026-03-25,602,PHARM_INSUL_RGL,Pharmaceuticals,WH_EAST_01,B2B_DISTRIBUTOR
2026-03-26,643,PHARM_INSUL_RGL,Pharmaceuticals,WH_EAST_01,B2B_DISTRIBUTOR
2026-03-27,606,PHARM_INSUL_RGL,Pharmaceuticals,WH_EAST_01,B2B_DISTRIBUTOR
2026-03-28,652,PHARM_INSUL_RGL,Pharmaceuticals,WH_EAST_01,B2B_DISTRIBUTOR
2026-03-29,587,PHARM_INSUL_RGL,Pharmaceuticals,WH_EAST_01,B2B_DISTRIBUTOR
2026-03-30,605,PHARM_INSUL_RGL,Pharmaceuticals,WH_EAST_01,B2B_DISTRIBUTOR
2026-03-31,590,PHARM_INSUL_RGL,Pharmaceuticals,WH_EAST_01,B2B_DISTRIBUTOR
2026-04-01,577,PHARM_INSUL_RGL,Pharmaceuticals,WH_EAST_01,B2B_DISTRIBUTOR
2026-04-02,611,PHARM_INSUL_RGL,Pharmaceuticals,WH_EAST_01,B2B_DISTRIBUTOR
2026-04-03,572,PHARM_INSUL_RGL,Pharmaceuticals,WH_EAST_01,B2B_DISTRIBUTOR
2026-04-04,612,PHARM_INSUL_RGL,Pharmaceuticals,WH_EAST_01,B2B_DISTRIBUTOR
2026-04-05,617,PHARM_INSUL_RGL,Pharmaceuticals,WH_EAST_01,B2B_DISTRIBUTOR
2026-04-06,582,PHARM_INSUL_RGL,Pharmaceuticals,WH_EAST_01,B2B_DISTRIBUTOR
2026-04-07,534,PHARM_INSUL_RGL,Pharmaceuticals,WH_EAST_01,B2B_DISTRIBUTOR
2026-04-08,625,PHARM_INSUL_RGL,Pharmaceuticals,WH_EAST_01,B2B_DISTRIBUTOR
2026-04-09,560,PHARM_INSUL_RGL,Pharmaceuticals,WH_EAST_01,B2B_DISTRIBUTOR
2026-04-10,579,PHARM_INSUL_RGL,Pharmaceuticals,WH_EAST_01,B2B_DISTRIBUTOR
2026-04-11,608,PHARM_INSUL_RGL,Pharmaceuticals,WH_EAST_01,B2B_DISTRIBUTOR
2026-04-12,603,PHARM_INSUL_RGL,Pharmaceuticals,WH_EAST_01,B2B_DISTRIBUTOR
2026-04-13,604,PHARM_INSUL_RGL,Pharmaceuticals,WH_EAST_01,B2B_DISTRIBUTOR
2026-04-14,591,PHARM_INSUL_RGL,Pharmaceuticals,WH_EAST_01,B2B_DISTRIBUTOR
2026-04-15,576,PHARM_INSUL_RGL,Pharmaceuticals,WH_EAST_01,B2B_DISTRIBUTOR
2026-04-16,624,PHARM_INSUL_RGL,Pharmaceuticals,WH_EAST_01,B2B_DISTRIBUTOR
2026-04-17,652,PHARM_INSUL_RGL,Pharmaceuticals,WH_EAST_01,B2B_DISTRIBUTOR
2026-04-18,639,PHARM_INSUL_RGL,Pharmaceuticals,WH_EAST_01,B2B_DISTRIBUTOR
2026-04-19,573,PHARM_INSUL_RGL,Pharmaceuticals,WH_EAST_01,B2B_DISTRIBUTOR
2026-04-20,582,PHARM_INSUL_RGL,Pharmaceuticals,WH_EAST_01,B2B_DISTRIBUTOR
2026-04-21,638,PHARM_INSUL_RGL,Pharmaceuticals,WH_EAST_01,B2B_DISTRIBUTOR
2026-04-22,571,PHARM_INSUL_RGL,Pharmaceuticals,WH_EAST_01,B2B_DISTRIBUTOR
2026-04-23,619,PHARM_INSUL_RGL,Pharmaceuticals,WH_EAST_01,B2B_DISTRIBUTOR
2026-04-24,568,PHARM_INSUL_RGL,Pharmaceuticals,WH_EAST_01,B2B_DISTRIBUTOR
2026-04-25,653,PHARM_INSUL_RGL,Pharmaceuticals,WH_EAST_01,B2B_DISTRIBUTOR
2026-04-26,596,PHARM_INSUL_RGL,Pharmaceuticals,WH_EAST_01,B2B_DISTRIBUTOR
2026-04-27,586,PHARM_INSUL_RGL,Pharmaceuticals,WH_EAST_01,B2B_DISTRIBUTOR
2026-04-28,639,PHARM_INSUL_RGL,Pharmaceuticals,WH_EAST_01,B2B_DISTRIBUTOR
2026-04-29,561,PHARM_INSUL_RGL,Pharmaceuticals,WH_EAST_01,B2B_DISTRIBUTOR
2026-04-30,612,PHARM_INSUL_RGL,Pharmaceuticals,WH_EAST_01,B2B_DISTRIBUTOR
2026-05-01,573,PHARM_INSUL_RGL,Pharmaceuticals,WH_EAST_01,B2B_DISTRIBUTOR
2026-05-02,613,PHARM_INSUL_RGL,Pharmaceuticals,WH_EAST_01,B2B_DISTRIBUTOR
2026-05-03,624,PHARM_INSUL_RGL,Pharmaceuticals,WH_EAST_01,B2B_DISTRIBUTOR
2026-05-04,547,PHARM_INSUL_RGL,Pharmaceuticals,WH_EAST_01,B2B_DISTRIBUTOR
2026-05-05,583,PHARM_INSUL_RGL,Pharmaceuticals,WH_EAST_01,B2B_DISTRIBUTOR
2026-05-06,572,PHARM_INSUL_RGL,Pharmaceuticals,WH_EAST_01,B2B_DISTRIBUTOR
2026-05-07,621,PHARM_INSUL_RGL,Pharmaceuticals,WH_EAST_01,B2B_DISTRIBUTOR
2026-05-08,584,PHARM_INSUL_RGL,Pharmaceuticals,WH_EAST_01,B2B_DISTRIBUTOR
2026-05-09,554,PHARM_INSUL_RGL,Pharmaceuticals,WH_EAST_01,B2B_DISTRIBUTOR
2026-05-10,577,PHARM_INSUL_RGL,Pharmaceuticals,WH_EAST_01,B2B_DISTRIBUTOR
2026-05-11,609,PHARM_INSUL_RGL,Pharmaceuticals,WH_EAST_01,B2B_DISTRIBUTOR
2026-05-12,617,PHARM_INSUL_RGL,Pharmaceuticals,WH_EAST_01,B2B_DISTRIBUTOR
2026-05-13,614,PHARM_INSUL_RGL,Pharmaceuticals,WH_EAST_01,B2B_DISTRIBUTOR
2026-05-14,599,PHARM_INSUL_RGL,Pharmaceuticals,WH_EAST_01,B2B_DISTRIBUTOR
2026-05-15,648,PHARM_INSUL_RGL,Pharmaceuticals,WH_EAST_01,B2B_DISTRIBUTOR
2026-05-16,616,PHARM_INSUL_RGL,Pharmaceuticals,WH_EAST_01,B2B_DISTRIBUTOR
2026-05-17,639,PHARM_INSUL_RGL,Pharmaceuticals,WH_EAST_01,B2B_DISTRIBUTOR
2026-05-18,588,PHARM_INSUL_RGL,Pharmaceuticals,WH_EAST_01,B2B_DISTRIBUTOR
2026-05-19,639,PHARM_INSUL_RGL,Pharmaceuticals,WH_EAST_01,B2B_DISTRIBUTOR
2026-05-20,595,PHARM_INSUL_RGL,Pharmaceuticals,WH_EAST_01,B2B_DISTRIBUTOR
2026-05-21,604,PHARM_INSUL_RGL,Pharmaceuticals,WH_EAST_01,B2B_DISTRIBUTOR
2026-05-22,586,PHARM_INSUL_RGL,Pharmaceuticals,WH_EAST_01,B2B_DISTRIBUTOR
2026-05-23,606,PHARM_INSUL_RGL,Pharmaceuticals,WH_EAST_01,B2B_DISTRIBUTOR
2026-05-24,618,PHARM_INSUL_RGL,Pharmaceuticals,WH_EAST_01,B2B_DISTRIBUTOR
2026-05-25,623,PHARM_INSUL_RGL,Pharmaceuticals,WH_EAST_01,B2B_DISTRIBUTOR
2026-05-26,611,PHARM_INSUL_RGL,Pharmaceuticals,WH_EAST_01,B2B_DISTRIBUTOR
2026-05-27,644,PHARM_INSUL_RGL,Pharmaceuticals,WH_EAST_01,B2B_DISTRIBUTOR
2026-05-28,588,PHARM_INSUL_RGL,Pharmaceuticals,WH_EAST_01,B2B_DISTRIBUTOR
2026-05-29,664,PHARM_INSUL_RGL,Pharmaceuticals,WH_EAST_01,B2B_DISTRIBUTOR
2026-03-01,2394,PHARM_PAIN_IBU,Pharmaceuticals,WH_EAST_01,B2B_DISTRIBUTOR
2026-03-02,2401,PHARM_PAIN_IBU,Pharmaceuticals,WH_EAST_01,B2B_DISTRIBUTOR
2026-03-03,2503,PHARM_PAIN_IBU,Pharmaceuticals,WH_EAST_01,B2B_DISTRIBUTOR
2026-03-04,2529,PHARM_PAIN_IBU,Pharmaceuticals,WH_EAST_01,B2B_DISTRIBUTOR
2026-03-05,2425,PHARM_PAIN_IBU,Pharmaceuticals,WH_EAST_01,B2B_DISTRIBUTOR
2026-03-06,2598,PHARM_PAIN_IBU,Pharmaceuticals,WH_EAST_01,B2B_DISTRIBUTOR
2026-03-07,2750,PHARM_PAIN_IBU,Pharmaceuticals,WH_EAST_01,B2B_DISTRIBUTOR
2026-03-08,2228,PHARM_PAIN_IBU,Pharmaceuticals,WH_EAST_01,B2B_DISTRIBUTOR
2026-03-09,2459,PHARM_PAIN_IBU,Pharmaceuticals,WH_EAST_01,B2B_DISTRIBUTOR
2026-03-10,2716,PHARM_PAIN_IBU,Pharmaceuticals,WH_EAST_01,B2B_DISTRIBUTOR
2026-03-11,2507,PHARM_PAIN_IBU,Pharmaceuticals,WH_EAST_01,B2B_DISTRIBUTOR
2026-03-12,2581,PHARM_PAIN_IBU,Pharmaceuticals,WH_EAST_01,B2B_DISTRIBUTOR
2026-03-13,2718,PHARM_PAIN_IBU,Pharmaceuticals,WH_EAST_01,B2B_DISTRIBUTOR
2026-03-14,2620,PHARM_PAIN_IBU,Pharmaceuticals,WH_EAST_01,B2B_DISTRIBUTOR
2026-03-15,2608,PHARM_PAIN_IBU,Pharmaceuticals,WH_EAST_01,B2B_DISTRIBUTOR
2026-03-16,2471,PHARM_PAIN_IBU,Pharmaceuticals,WH_EAST_01,B2B_DISTRIBUTOR
2026-03-17,2562,PHARM_PAIN_IBU,Pharmaceuticals,WH_EAST_01,B2B_DISTRIBUTOR
2026-03-18,2510,PHARM_PAIN_IBU,Pharmaceuticals,WH_EAST_01,B2B_DISTRIBUTOR
2026-03-19,2392,PHARM_PAIN_IBU,Pharmaceuticals,WH_EAST_01,B2B_DISTRIBUTOR
2026-03-20,2288,PHARM_PAIN_IBU,Pharmaceuticals,WH_EAST_01,B2B_DISTRIBUTOR
2026-03-21,2379,PHARM_PAIN_IBU,Pharmaceuticals,WH_EAST_01,B2B_DISTRIBUTOR
2026-03-22,2451,PHARM_PAIN_IBU,Pharmaceuticals,WH_EAST_01,B2B_DISTRIBUTOR
2026-03-23,2453,PHARM_PAIN_IBU,Pharmaceuticals,WH_EAST_01,B2B_DISTRIBUTOR
2026-03-24,2501,PHARM_PAIN_IBU,Pharmaceuticals,WH_EAST_01,B2B_DISTRIBUTOR
2026-03-25,2403,PHARM_PAIN_IBU,Pharmaceuticals,WH_EAST_01,B2B_DISTRIBUTOR
2026-03-26,2661,PHARM_PAIN_IBU,Pharmaceuticals,WH_EAST_01,B2B_DISTRIBUTOR
2026-03-27,2617,PHARM_PAIN_IBU,Pharmaceuticals,WH_EAST_01,B2B_DISTRIBUTOR
2026-03-28,2297,PHARM_PAIN_IBU,Pharmaceuticals,WH_EAST_01,B2B_DISTRIBUTOR
2026-03-29,2271,PHARM_PAIN_IBU,Pharmaceuticals,WH_EAST_01,B2B_DISTRIBUTOR
2026-03-30,2662,PHARM_PAIN_IBU,Pharmaceuticals,WH_EAST_01,B2B_DISTRIBUTOR
2026-03-31,2271,PHARM_PAIN_IBU,Pharmaceuticals,WH_EAST_01,B2B_DISTRIBUTOR
2026-04-01,2536,PHARM_PAIN_IBU,Pharmaceuticals,WH_EAST_01,B2B_DISTRIBUTOR
2026-04-02,2371,PHARM_PAIN_IBU,Pharmaceuticals,WH_EAST_01,B2B_DISTRIBUTOR
2026-04-03,2599,PHARM_PAIN_IBU,Pharmaceuticals,WH_EAST_01,B2B_DISTRIBUTOR
2026-04-04,2531,PHARM_PAIN_IBU,Pharmaceuticals,WH_EAST_01,B2B_DISTRIBUTOR
2026-04-05,2463,PHARM_PAIN_IBU,Pharmaceuticals,WH_EAST_01,B2B_DISTRIBUTOR
2026-04-06,2556,PHARM_PAIN_IBU,Pharmaceuticals,WH_EAST_01,B2B_DISTRIBUTOR
2026-04-07,2388,PHARM_PAIN_IBU,Pharmaceuticals,WH_EAST_01,B2B_DISTRIBUTOR
2026-04-08,2608,PHARM_PAIN_IBU,Pharmaceuticals,WH_EAST_01,B2B_DISTRIBUTOR
2026-04-09,2534,PHARM_PAIN_IBU,Pharmaceuticals,WH_EAST_01,B2B_DISTRIBUTOR
2026-04-10,2443,PHARM_PAIN_IBU,Pharmaceuticals,WH_EAST_01,B2B_DISTRIBUTOR
2026-04-11,2613,PHARM_PAIN_IBU,Pharmaceuticals,WH_EAST_01,B2B_DISTRIBUTOR
2026-04-12,2548,PHARM_PAIN_IBU,Pharmaceuticals,WH_EAST_01,B2B_DISTRIBUTOR
2026-04-13,2579,PHARM_PAIN_IBU,Pharmaceuticals,WH_EAST_01,B2B_DISTRIBUTOR
2026-04-14,2419,PHARM_PAIN_IBU,Pharmaceuticals,WH_EAST_01,B2B_DISTRIBUTOR
2026-04-15,2284,PHARM_PAIN_IBU,Pharmaceuticals,WH_EAST_01,B2B_DISTRIBUTOR
2026-04-16,2499,PHARM_PAIN_IBU,Pharmaceuticals,WH_EAST_01,B2B_DISTRIBUTOR
2026-04-17,2543,PHARM_PAIN_IBU,Pharmaceuticals,WH_EAST_01,B2B_DISTRIBUTOR
2026-04-18,2553,PHARM_PAIN_IBU,Pharmaceuticals,WH_EAST_01,B2B_DISTRIBUTOR
2026-04-19,2491,PHARM_PAIN_IBU,Pharmaceuticals,WH_EAST_01,B2B_DISTRIBUTOR
2026-04-20,2346,PHARM_PAIN_IBU,Pharmaceuticals,WH_EAST_01,B2B_DISTRIBUTOR
2026-04-21,2446,PHARM_PAIN_IBU,Pharmaceuticals,WH_EAST_01,B2B_DISTRIBUTOR
2026-04-22,2387,PHARM_PAIN_IBU,Pharmaceuticals,WH_EAST_01,B2B_DISTRIBUTOR
2026-04-23,2336,PHARM_PAIN_IBU,Pharmaceuticals,WH_EAST_01,B2B_DISTRIBUTOR
2026-04-24,2572,PHARM_PAIN_IBU,Pharmaceuticals,WH_EAST_01,B2B_DISTRIBUTOR
2026-04-25,2456,PHARM_PAIN_IBU,Pharmaceuticals,WH_EAST_01,B2B_DISTRIBUTOR
2026-04-26,2390,PHARM_PAIN_IBU,Pharmaceuticals,WH_EAST_01,B2B_DISTRIBUTOR
2026-04-27,2745,PHARM_PAIN_IBU,Pharmaceuticals,WH_EAST_01,B2B_DISTRIBUTOR
2026-04-28,2425,PHARM_PAIN_IBU,Pharmaceuticals,WH_EAST_01,B2B_DISTRIBUTOR
2026-04-29,2636,PHARM_PAIN_IBU,Pharmaceuticals,WH_EAST_01,B2B_DISTRIBUTOR
2026-04-30,2517,PHARM_PAIN_IBU,Pharmaceuticals,WH_EAST_01,B2B_DISTRIBUTOR
2026-05-01,2418,PHARM_PAIN_IBU,Pharmaceuticals,WH_EAST_01,B2B_DISTRIBUTOR
2026-05-02,2665,PHARM_PAIN_IBU,Pharmaceuticals,WH_EAST_01,B2B_DISTRIBUTOR
2026-05-03,2498,PHARM_PAIN_IBU,Pharmaceuticals,WH_EAST_01,B2B_DISTRIBUTOR
2026-05-04,2473,PHARM_PAIN_IBU,Pharmaceuticals,WH_EAST_01,B2B_DISTRIBUTOR
2026-05-05,2422,PHARM_PAIN_IBU,Pharmaceuticals,WH_EAST_01,B2B_DISTRIBUTOR
2026-05-06,2498,PHARM_PAIN_IBU,Pharmaceuticals,WH_EAST_01,B2B_DISTRIBUTOR
2026-05-07,2278,PHARM_PAIN_IBU,Pharmaceuticals,WH_EAST_01,B2B_DISTRIBUTOR
2026-05-08,2502,PHARM_PAIN_IBU,Pharmaceuticals,WH_EAST_01,B2B_DISTRIBUTOR
2026-05-09,2391,PHARM_PAIN_IBU,Pharmaceuticals,WH_EAST_01,B2B_DISTRIBUTOR
2026-05-10,2483,PHARM_PAIN_IBU,Pharmaceuticals,WH_EAST_01,B2B_DISTRIBUTOR
2026-05-11,2571,PHARM_PAIN_IBU,Pharmaceuticals,WH_EAST_01,B2B_DISTRIBUTOR
2026-05-12,2641,PHARM_PAIN_IBU,Pharmaceuticals,WH_EAST_01,B2B_DISTRIBUTOR
2026-05-13,2228,PHARM_PAIN_IBU,Pharmaceuticals,WH_EAST_01,B2B_DISTRIBUTOR
2026-05-14,2529,PHARM_PAIN_IBU,Pharmaceuticals,WH_EAST_01,B2B_DISTRIBUTOR
2026-05-15,2458,PHARM_PAIN_IBU,Pharmaceuticals,WH_EAST_01,B2B_DISTRIBUTOR
2026-05-16,2250,PHARM_PAIN_IBU,Pharmaceuticals,WH_EAST_01,B2B_DISTRIBUTOR
2026-05-17,2606,PHARM_PAIN_IBU,Pharmaceuticals,WH_EAST_01,B2B_DISTRIBUTOR
2026-05-18,2507,PHARM_PAIN_IBU,Pharmaceuticals,WH_EAST_01,B2B_DISTRIBUTOR
2026-05-19,2610,PHARM_PAIN_IBU,Pharmaceuticals,WH_EAST_01,B2B_DISTRIBUTOR
2026-05-20,2370,PHARM_PAIN_IBU,Pharmaceuticals,WH_EAST_01,B2B_DISTRIBUTOR
2026-05-21,2501,PHARM_PAIN_IBU,Pharmaceuticals,WH_EAST_01,B2B_DISTRIBUTOR
2026-05-22,2488,PHARM_PAIN_IBU,Pharmaceuticals,WH_EAST_01,B2B_DISTRIBUTOR
2026-05-23,2576,PHARM_PAIN_IBU,Pharmaceuticals,WH_EAST_01,B2B_DISTRIBUTOR
2026-05-24,2536,PHARM_PAIN_IBU,Pharmaceuticals,WH_EAST_01,B2B_DISTRIBUTOR
2026-05-25,2399,PHARM_PAIN_IBU,Pharmaceuticals,WH_EAST_01,B2B_DISTRIBUTOR
2026-05-26,2561,PHARM_PAIN_IBU,Pharmaceuticals,WH_EAST_01,B2B_DISTRIBUTOR
2026-05-27,2490,PHARM_PAIN_IBU,Pharmaceuticals,WH_EAST_01,B2B_DISTRIBUTOR
2026-05-28,2835,PHARM_PAIN_IBU,Pharmaceuticals,WH_EAST_01,B2B_DISTRIBUTOR
2026-05-29,2639,PHARM_PAIN_IBU,Pharmaceuticals,WH_EAST_01,B2B_DISTRIBUTOR
